n0,replication,seed,T0,T1,W,n_class0,n_class1
1,0,20360412,805.0684497966728,3.74956051990252,765.010004453874,2705,1231
1,1,20360413,858.865551264881,3.687035483870967,816.1139995467981,2688,1178
1,2,20360414,828.9632489811321,3.7494963718820857,787.7100603434133,2650,1323
1,3,20360415,872.0217936342592,3.6553550854353154,828.6107824169889,2592,1229
1,4,20360416,855.2068093506493,3.626033055786846,812.6350226020178,2695,1201
1,5,20360417,850.1986168593809,3.671870132916338,807.8796232633234,2681,1279
1,6,20360418,767.1596050367647,3.6983803398058264,728.9939405625963,2720,1236
1,7,20360419,841.3363404160475,3.619801528013587,799.4577530747018,2692,1178
1,8,20360420,815.5684849284099,3.975349596122784,774.9967788609878,2654,1238
1,9,20360421,835.310325773585,3.7600362400000007,793.7403313693857,2650,1250
1,10,20360422,859.6392124344569,3.7717284313725448,816.8533816911654,2670,1224
1,11,20360423,831.3114216853933,3.5663997553017954,789.9313033883993,2670,1226
1,12,20360424,875.2855253938485,3.706211967213113,831.7139721464512,2666,1220
1,13,20360425,850.3843390398214,3.798384559999999,808.0626380849503,2687,1250
1,14,20360426,847.0966267087667,3.729379623824461,804.9357231137673,2692,1276
1,15,20360427,843.9686545111363,3.752306334125099,801.965341714954,2649,1263
1,16,20360428,837.3394291106129,3.683338506224063,795.6639912574058,2676,1205
1,17,20360429,856.05657877429,3.633213795853268,813.4426769529598,2676,1254
1,18,20360430,838.6644164223976,3.8349811704834633,796.9306146221428,2661,1179
1,19,20360431,862.0807016165413,3.7644566082802533,819.1724182793448,2660,1256
1,20,20360432,860.9972840612169,3.7496813793103447,818.1424032898801,2679,1160
1,21,20360433,838.8214022559172,3.9193267156862763,797.084137132337,2704,1224
1,22,20360434,835.8737087280865,3.8004575827559686,794.2776470859854,2681,1299
1,23,20360435,842.6362107967237,3.7486854037267077,800.6993318978813,2686,1288
1,24,20360436,831.6011808679245,3.801878003246757,790.2188194806971,2650,1232
1,25,20360437,818.0281921762248,3.817143755036268,777.3252740426755,2633,1241
1,26,20360438,827.1342870514244,3.8245270519262933,785.9764481055533,2703,1194
1,27,20360439,848.87797603429,3.6796958333333296,806.6254214159087,2683,1248
1,28,20360440,862.0287594564408,3.9217023311897155,819.1312500048406,2686,1244
1,29,20360441,818.5782683271375,3.739678651685392,777.8438182006682,2690,1246
2,0,20460412,5.169233877551017,3.6268910422049965,5.099370517868126,5145,1161
2,1,20460413,5.797272484002329,3.720216316639744,5.700860108267479,5157,1238
2,2,20460414,9.05253733256793,3.8206839682539653,8.798586032288739,5226,1260
2,3,20460415,6.569447152444871,3.7873273364486013,6.437915816317955,5215,1284
2,4,20460416,6.485277421890353,3.758142497972428,6.356436960690401,5089,1233
2,5,20460417,7.6694394287904935,3.7856697692919616,7.48282228535415,5217,1257
2,6,20460418,8.351555788032854,3.6866571546052618,8.125684170670684,5114,1216
2,7,20460419,6.687234978372,3.7488404958677646,6.5478129352385235,5086,1210
2,8,20460420,9.303881398923906,3.63394930950447,9.027652693071943,5204,1231
2,9,20460421,13.474405631629699,3.730902830974187,12.994692297258872,5185,1201
2,10,20460422,5.060892003105591,3.658052867830424,4.998066152077493,5152,1203
2,11,20460423,8.523036504511575,3.9499143801652905,8.30228022705459,5098,1210
2,12,20460424,5.893146687822293,3.732650731707318,5.792587191479959,5042,1230
2,13,20460425,7.6793639395722995,3.9038101680672246,7.49839387133318,5097,1190
2,14,20460426,6.423271163607966,3.7211662650602375,6.2956082512107,5122,1328
2,15,20460427,7.483046462639111,3.7925778120184863,7.306108185732117,5032,1298
2,16,20460428,5.6630225723345236,4.024879427687556,5.58916517395755,5046,1293
2,17,20460429,6.707770656820831,3.8993359586316627,6.5751475938286355,5146,1257
2,18,20460430,3.5968444093867102,3.7887552672955946,3.6140174628167454,5071,1272
2,19,20460431,4.490343315831988,3.7512938727415572,4.460893431422949,4952,1273
2,20,20460432,4.040440827126617,3.6736018272425253,4.029446080786897,5102,1204
2,21,20460433,5.858850644713348,3.723014343928286,5.759504858361951,5041,1227
2,22,20460434,7.778718375317318,3.7934308433734882,7.587040860406874,5121,1245
2,23,20460435,12.558464403491755,3.731777476038343,12.124593612071159,5155,1252
2,24,20460436,4.655954613861385,3.9253255319148908,4.62727381082789,5050,1222
2,25,20460437,11.274945701977678,3.800718961253094,10.908835802863955,5107,1213
2,26,20460438,5.937717883283877,3.623066985645931,5.829231472373272,5055,1254
2,27,20460439,5.912229020150141,3.9101375939849605,5.819944724029852,5062,1330
2,28,20460440,6.380022192255829,3.884219485580671,6.263000495893232,5191,1283
2,29,20460441,6.698810433418319,3.707723070739552,6.55667151142586,5099,1244
3,0,20560412,1.1187290832049304,3.734814929107591,1.2570030053582786,5192,1199
3,1,20560413,1.0288273142630122,3.708271639344271,1.1702160737957636,5034,1220
3,2,20560414,1.0906218412942992,3.874511626080122,1.2375653537857505,5192,1273
3,3,20560415,1.1040914449760761,3.784498092868986,1.2456807735564595,5225,1206
3,4,20560416,1.0373639780736117,3.6329200499168053,1.174407621765605,5108,1202
3,5,20560417,1.0871110832206974,3.795540981012656,1.2301236600723204,5179,1264
3,6,20560418,1.043725421376164,3.7702349358974345,1.1875913669740223,5043,1248
3,7,20560419,1.0597252190847133,3.7533984527687325,1.2019156776744517,5135,1228
3,8,20560420,1.0881699838839662,3.772536638655456,1.2299333898998515,4964,1190
3,9,20560421,1.0489818900751313,3.743374343122108,1.1911882614137244,5058,1294
3,10,20560422,1.1028360604277008,3.820346329113928,1.24635226652024,5097,1185
3,11,20560423,1.0448801080648367,3.6840201433121043,1.1842051501138242,4997,1256
3,12,20560424,1.0462653085680058,3.6594367871485898,1.1842427560713322,5007,1245
3,13,20560425,1.0583656707787223,3.7277093672966277,1.1992882743392108,5188,1217
3,14,20560426,1.0498538461538431,3.7053458921161835,1.1900391402361925,5135,1205
3,15,20560427,1.0441880725004873,3.6212147727272774,1.1802818370572812,5131,1232
3,16,20560428,1.113882843419789,3.7203968421052673,1.2516493370382733,5205,1235
3,17,20560429,1.1374014627659566,3.8078127772848256,1.2785376540464697,5264,1127
3,18,20560430,1.0706540143161174,3.8510815420560744,1.2173775537872273,5169,1284
3,19,20560431,1.080773385063047,3.863706596091208,1.2276474588066373,5155,1228
3,20,20560432,1.1056300213054446,3.7827812101910894,1.247053143170109,5163,1256
3,21,20560433,1.0845147729526103,3.8117573822825204,1.2285004181836707,5043,1253
3,22,20560434,1.085576768642448,3.7590775903614473,1.2267699649091208,5230,1245
3,23,20560435,1.0744945208169678,3.797304371165647,1.218229622076733,5092,1304
3,24,20560436,1.0869441778818005,3.900174862960067,1.2354060618616338,5127,1277
3,25,20560437,1.0895444807064738,3.685193373952783,1.2266973121166949,5209,1313
3,26,20560438,1.0859008699090538,3.7403976650563573,1.2261065049965316,5058,1242
3,27,20560439,1.067924523431292,3.6067475409836027,1.2020791693908748,5036,1220
3,28,20560440,1.0898190045248888,3.984820876494026,1.2425387398763337,5083,1255
3,29,20560441,1.057244655958753,3.67227225,1.1953405801608152,5043,1200
4,0,20660412,0.9011515028117103,3.6627139871382624,1.0465550550023144,5157,1244
4,1,20660413,0.8909784081954273,3.58979859620148,1.0330990147881327,5076,1211
4,2,20660414,0.8875281237835723,3.6845952618453808,1.0347506712103534,5138,1203
4,3,20660415,0.901125660450659,3.6822564935064928,1.0475467150904636,5148,1232
4,4,20660416,0.9148999429332286,3.637313692946057,1.0582952578197622,5257,1205
4,5,20660417,0.8979511222910171,3.862088700564967,1.0538821786058445,5168,1239
4,6,20660418,0.9029869986436736,3.6926953355155474,1.0498578061582984,5161,1222
4,7,20660419,0.8953448147458591,3.800800000000005,1.0482191740085665,5371,1278
4,8,20660420,0.8933245784566528,3.814598244274805,1.04701745823611,5041,1310
4,9,20660421,0.8909712033833158,3.8274977595220325,1.0454525267092956,5202,1339
4,10,20660422,0.893587526839746,3.8522270597738277,1.0492239576059976,5123,1238
4,11,20660423,0.8935597568150606,3.8032146114864904,1.046648928771605,5099,1184
4,12,20660424,0.8964580060998841,3.81338855273917,1.0499313105373267,5246,1223
4,13,20660425,0.8874126589708491,3.792021105919005,1.0402271235300948,5111,1284
4,14,20660426,0.894876834199885,3.838537972768531,1.0497369670738543,5193,1322
4,15,20660427,0.8929287722037873,3.8078365339578397,1.0462898333594055,5123,1281
4,16,20660428,0.8990365820838121,3.722575498802872,1.0476586789173707,5202,1253
4,17,20660429,0.8960017634655928,3.705252860596296,1.0438748240433204,5217,1241
4,18,20660430,0.904394212156408,3.7517431596091204,1.054265145848262,5166,1228
4,19,20660431,0.8881461730769236,3.766563149847091,1.039600148215126,5200,1308
4,20,20660432,0.9139171472510572,3.741249594813617,1.0627662688188124,5202,1234
4,21,20660433,0.8912958964525425,3.8685488907148704,1.0478956439470886,5215,1217
4,22,20660434,0.8984133204259463,3.8870079273327782,1.0556170666259534,5165,1211
4,23,20660435,0.895782189131696,3.8189327683615826,1.0495775836299135,5171,1239
4,24,20660436,0.8893904278179301,3.820343785540209,1.0435787832751244,5119,1231
4,25,20660437,0.8983834232844998,3.6737972749793593,1.0445017104192014,5188,1211
4,26,20660438,0.8742134558967376,3.7141672485453023,1.0236394800262565,5113,1203
4,27,20660439,0.8931230182031721,3.819235410094635,1.0470671086179344,5109,1268
4,28,20660440,0.9009196158323634,3.793076446280989,1.0531136102473566,5154,1210
4,29,20660441,0.8833960631494807,3.8257212572373773,1.0381637653683502,5004,1209
5,0,20760412,0.8557267850098607,3.8678240870240854,1.01406729828462,5070,1287
5,1,20760413,0.8747159992261595,3.7178074900398426,1.0243061887469231,5169,1255
5,2,20760414,0.8467012075905667,3.9490646274509853,1.0097175078384895,5217,1275
5,3,20760415,0.8609809056301345,3.7666013866231682,1.0137951324530325,4991,1226
5,4,20760416,0.8560218120135719,4.109280411522634,1.0269033028120702,5011,1215
5,5,20760417,0.8425214145383095,3.7096659681475272,0.9932979741550654,5090,1193
5,6,20760418,0.8536141018139255,3.917489641744548,1.0146428580939457,5127,1284
5,7,20760419,0.8547054858934164,3.6080213592233012,0.9995873222783572,5104,1236
5,8,20760420,0.8593909849086581,3.61481419031719,1.004391773559719,5036,1198
5,9,20760421,0.8601571344570759,3.8152811526479797,1.015543897671917,5102,1284
5,10,20760422,0.8586471781986872,3.9073203952569187,1.0188954798421126,5174,1265
5,11,20760423,0.8607848045757858,3.8607045023696656,1.018502198470219,5245,1266
5,12,20760424,0.8655538579360509,3.736317973079974,1.0165646996394069,5223,1263
5,13,20760425,0.8571747144240116,3.6971236820083675,1.0065664101672462,5165,1195
5,14,20760426,0.8616848089110806,3.619062924901181,1.006791840560388,5207,1265
5,15,20760427,0.8605033785073499,4.0488921760391205,1.0280206027360166,5239,1227
5,16,20760428,0.8580895631547752,3.786223440134907,1.0120687038840517,5059,1186
5,17,20760429,0.8576616261104667,3.741568078431381,1.0093400848833751,5178,1275
5,18,20760430,0.8566171798391791,3.8374978956228967,1.0133362114196107,5099,1188
5,19,20760431,0.8596567870245213,3.743538007662837,1.0113379240717626,5179,1305
5,20,20760432,0.8566036015325653,3.76165814873418,1.0093796451901142,5220,1264
5,21,20760433,0.8642931555206878,3.7522858984689744,1.01619736446504,5099,1241
5,22,20760434,0.8488932232674192,3.7878124491456444,1.0034148094596218,5209,1229
5,23,20760435,0.8464308869701744,3.780924167987325,1.0007173993570067,5096,1262
5,24,20760436,0.8661850929221038,3.8361323289902285,1.0223547193834903,5058,1228
5,25,20760437,0.8490671068427368,3.832576832350463,1.005907746782824,4998,1187
5,26,20760438,0.8555248919449939,3.7507199838187697,1.0077860865063202,5090,1236
5,27,20760439,0.8693479020979009,3.856800303030299,1.0264341227505813,5148,1320
5,28,20760440,0.873368421052631,3.7067597381342035,1.022451506382978,5168,1222
5,29,20760441,0.8684170057581565,3.6646433549432733,1.0155576099272987,5210,1234
6,0,20860412,0.8437361815754337,3.862715262718938,1.0024105661580467,5243,1199
6,1,20860413,0.8471548713951692,3.770071669341901,1.0008408546311895,5132,1246
6,2,20860414,0.8610270935035661,3.5543144508670497,1.0028000902734744,5326,1211
6,3,20860415,0.8438597796143236,3.713463963963971,0.9947669167597338,5082,1221
6,4,20860416,0.8531539780389163,3.7975280478087674,1.0079677376230265,5191,1255
6,5,20860417,0.8558301171874999,3.7005340255591053,1.0054663806571984,5120,1252
6,6,20860418,0.8533695737192021,3.8507825599999976,1.0109417881532419,5114,1250
6,7,20860419,0.8506970755642778,3.896945016891893,1.0108033626644422,5095,1184
6,8,20860420,0.8511378885630503,3.8227927457098225,1.0073662169118085,5115,1282
6,9,20860421,0.8423930058939084,3.6364643773584926,0.9893695032218546,5090,1325
6,10,20860422,0.8624349311080918,3.7439571428571448,1.0139989559812588,5153,1218
6,11,20860423,0.851319289438115,3.8031107630522074,1.006515084644924,5179,1245
6,12,20860424,0.8612974519796145,3.723004210526315,1.011828798328002,5102,1235
6,13,20860425,0.847040952013877,3.81126273241714,1.0028745664988743,5189,1237
6,14,20860426,0.850151254068543,3.79497810457516,1.004982552803024,5223,1224
6,15,20860427,0.8513115028560179,3.8572523089840436,1.0093230477803872,5077,1191
6,16,20860428,0.8486312001519154,4.0259892741935515,1.0155510824023843,5266,1240
6,17,20860429,0.8515822059115264,3.8004626829268293,1.0066271551281452,5041,1230
6,18,20860430,0.8551733411626542,3.7325193573667708,1.0065056806875936,5109,1276
6,19,20860431,0.853487885802471,3.828848438818576,1.0099136103309134,5184,1185
6,20,20860432,0.8489521137736216,3.991745158730156,1.0140752563389086,5133,1260
6,21,20860433,0.8457355612345192,4.071320700636953,1.0151574596059147,5087,1256
6,22,20860434,0.8382594197365897,3.8374960227272754,0.9958962419315784,5239,1232
6,23,20860435,0.8498069277701259,3.7937181891673393,1.0045899272183212,5081,1237
6,24,20860436,0.8481606626854182,3.8974730496453858,1.0084212281327072,5191,1269
6,25,20860437,0.8425941555977254,3.7819199669967043,0.9971242861016677,5270,1212
6,26,20860438,0.8544431091942758,3.8978957322175685,1.0144115318098756,5101,1195
6,27,20860439,0.8500223090799751,3.723986976389954,1.0011685163982538,4989,1313
6,28,20860440,0.8482367784169799,3.7306836595744723,0.9998204897940034,5041,1175
6,29,20860441,0.8503258839617089,3.9979714746172377,1.0157041064437198,5119,1241
7,0,20960412,0.848816813122439,3.71408565607172,0.9995084265820464,5121,1227
7,1,20960413,0.840990013980426,3.7530328798185906,0.9940982230319714,5007,1323
7,2,20960414,0.8476589873417703,3.724824268774712,0.9989668999509668,5135,1265
7,3,20960415,0.8531786201520162,3.8649275577557742,1.0114959221477156,5131,1212
7,4,20960416,0.8496262000382478,3.941538371182457,1.0121048853378232,5229,1277
7,5,20960417,0.8477718589996055,3.7006214820982493,0.9978155831187341,5078,1201
7,6,20960418,0.8424168981028745,4.069061771385313,1.011887265309767,5113,1321
7,7,20960419,0.8473312672176322,3.832611313291136,1.0042604921478897,5082,1264
7,8,20960420,0.8483932390546283,3.82295407759303,1.0047671891367342,5162,1263
7,9,20960421,0.8543194401544394,3.7851789559543243,1.0084327738563421,5180,1226
7,10,20960422,0.8543993430220962,3.8365804416403777,1.011181558836291,5023,1268
7,11,20960423,0.8427570787831539,3.9645177759740253,1.0067741491946456,5128,1232
7,12,20960424,0.8496524711228938,3.8332672573189503,1.0064997449473345,5281,1298
7,13,20960425,0.8429643124876723,3.7087238731218664,0.9936697382656258,5069,1198
7,14,20960426,0.8392489795918407,3.7070316708229414,0.9900521774950416,5096,1203
7,15,20960427,0.8445041202229288,3.7357546644844484,0.9965381567649736,5024,1222
7,16,20960428,0.8629442607003913,3.7877248145094837,1.0167587380198648,5140,1213
7,17,20960429,0.8473566737905587,3.9210660406885802,1.008884274216837,5147,1278
7,18,20960430,0.8467484918793488,3.765681642512079,1.0002265126960093,5172,1242
7,19,20960431,0.8457056886227532,3.83663591433279,1.0029254717369207,5010,1214
7,20,20960432,0.8537602008664831,3.8890452773613218,1.0133025452459477,5078,1334
7,21,20960433,0.8403192843326924,3.7938565903709582,0.9955838628153476,5170,1267
7,22,20960434,0.8474319395367136,4.099968225039617,1.018258690261938,5094,1262
7,23,20960435,0.8485112875454361,3.929003182179797,1.0103938886415138,5227,1257
7,24,20960436,0.8449330003916958,3.83679896331739,1.0021998964646153,5106,1254
7,25,20960437,0.8497492207535976,3.8201798543689267,1.005911112143102,5069,1236
7,26,20960438,0.846903239656518,3.781679485116651,1.001205410899758,5124,1243
7,27,20960439,0.8351187512119426,3.7570273607748095,0.9887282364116355,5157,1239
7,28,20960440,0.8408184735812128,3.774963192182409,0.9950756358956374,5110,1228
7,29,20960441,0.8490063149788207,3.9207178358208936,1.010433326692566,5194,1340
8,0,21060412,0.8395992387273065,4.1870867647058745,1.0153477885556466,5123,1224
8,1,21060413,0.8439308324974932,4.380610304449644,1.029526026704,4985,1281
8,2,21060414,0.8478708051747446,4.136995132013199,1.0206010117806936,5179,1212
8,3,21060415,0.850914168778015,4.248483282674774,1.0292895910382023,5131,1316
8,4,21060416,0.845985772200771,4.136786241610741,1.018799368154491,5180,1192
8,5,21060417,0.8601226252158891,4.205089043209876,1.0357811242020083,5211,1296
8,6,21060418,0.8436277811064505,4.018526587637587,1.0104097746082825,5007,1181
8,7,21060419,0.8391495398472686,3.9213298161470758,1.001101213294553,5107,1251
8,8,21060420,0.8456932385035071,4.427821628289476,1.0336553012493843,5132,1216
8,9,21060421,0.8442020889748525,4.170010948342335,1.0188325538399112,5170,1297
8,10,21060422,0.837753316276323,3.8214185092127226,0.9945794129415684,5081,1194
8,11,21060423,0.8535650593039079,3.929435126582278,1.0152174329209909,5143,1264
8,12,21060424,0.8501852204311512,3.9639919341563843,1.0138035399857255,5149,1215
8,13,21060425,0.8541970907680372,4.553596781789639,1.0482742688826965,5156,1274
8,14,21060426,0.8541284995159731,4.000896744574297,1.019468705258038,5165,1198
8,15,21060427,0.8475603748326639,4.03396680161943,1.014948629775241,5229,1235
8,16,21060428,0.8556993818813967,4.079815060728743,1.0250647959452215,5177,1235
8,17,21060429,0.8509317892298793,3.9549311180609883,1.0140416179075566,5181,1279
8,18,21060430,0.8582400847131304,4.107772145061733,1.028932232020684,5194,1296
8,19,21060431,0.8455904856687921,4.006716831683167,1.0116602366328773,5024,1212
8,20,21060432,0.8368931932124941,4.369884552845531,1.0222825302998368,5186,1230
8,21,21060433,0.8421151413982736,3.9860780228758235,1.0072854415179027,5092,1224
8,22,21060434,0.8513449507626947,4.125260967741938,1.0232912735471407,5179,1240
8,23,21060435,0.8519330330918341,4.201708300704779,1.027825213073891,5107,1277
8,24,21060436,0.8403094464386923,4.119802496099844,1.0125237039139494,5293,1282
8,25,21060437,0.8468884979190326,3.8429204545454483,1.0043759366594442,5286,1276
8,26,21060438,0.8492940194174775,3.9668999208860782,1.0131081143326797,5150,1264
8,27,21060439,0.8506413318025224,5.398528684627578,1.0888327568130303,5226,1262
8,28,21060440,0.8444381571401223,4.263643221690589,1.0239256968110266,5231,1254
8,29,21060441,0.8433924682926827,3.999826270523855,1.009213810945289,5125,1279
9,0,21160412,0.8540851807943112,5.2269757759273325,1.0831836621028168,5061,1321
9,1,21160413,0.8491764775181632,5.392350317965027,1.0871198701764364,5093,1258
9,2,21160414,0.8483737821250483,4.92372286171063,1.0619886818277486,5214,1251
9,3,21160415,0.839822241818537,5.870456851996873,1.1030948860314476,5103,1277
9,4,21160416,0.8399009174311963,5.06169812550937,1.0611141740861236,5232,1227
9,5,21160417,0.8465333531627982,5.502376062091506,1.0903302407334166,5043,1224
9,6,21160418,0.8384808477542276,5.0194090839106975,1.0575660777298723,5143,1299
9,7,21160419,0.8420934474042377,5.247148407643313,1.072840492231478,5143,1256
9,8,21160420,0.8596260623781637,6.586479449838189,1.1591416906508414,5130,1236
9,9,21160421,0.8408983775227534,6.850654517374518,1.1550874935500905,5054,1295
9,10,21160422,0.8517336491095138,4.917771523730224,1.0648710858880097,5278,1201
9,11,21160423,0.8387425074626865,5.123133562166284,1.063208327322199,5025,1311
9,12,21160424,0.8443911952114295,4.939027090032154,1.05900104413253,5179,1244
9,13,21160425,0.8463597179289016,5.011162352012622,1.064622174337113,5176,1267
9,14,21160426,0.844277029464821,4.83556731234867,1.0535126782337108,4989,1239
9,15,21160427,0.8608717195925709,4.983270635559129,1.0769582066620171,5007,1243
9,16,21160428,0.8396031494483441,4.80458252756573,1.0474612834093449,4985,1179
9,17,21160429,0.8516136590996549,5.370367067307695,1.0882920636446722,5198,1248
9,18,21160430,0.8423603934178138,5.48407032690695,1.0854140307460844,5287,1193
9,19,21160431,0.8562086186994994,6.379817417876243,1.1451486934940889,5198,1309
9,20,21160432,0.8487917489831478,4.654782476832356,1.0484008503292728,5163,1187
9,21,21160433,0.8474828988326831,4.729277995110028,1.0510312096367704,5140,1227
9,22,21160434,0.8400740762124694,6.18071494163425,1.119467549366827,5196,1285
9,23,21160435,0.8392646507998428,6.455108869701731,1.1329670794843407,5126,1274
9,24,21160436,0.8467827532264376,6.616565893792077,1.1485050420423037,5114,1337
9,25,21160437,0.853835928026597,9.429384853420194,1.3014721440031172,5113,1228
9,26,21160438,0.8480475073313789,5.35604092694423,1.0841592601659098,5115,1273
9,27,21160439,0.8460458856345836,5.195539854486667,1.073911663786161,5019,1237
9,28,21160440,0.8468905877758258,4.858485920000003,1.0571873262270346,5121,1250
9,29,21160441,0.8493682955206494,5.357053894571205,1.0854666832623197,5157,1271
10,0,21260412,0.8530320844015016,104.23581358457494,6.230642786579323,5071,1141
10,1,21260413,0.8486012754085297,213.74633198275862,11.920980474741551,5018,1160
10,2,21260414,0.8536960726846416,154.87722736842105,8.864627092208304,5118,1140
10,3,21260415,0.8422604397742748,69.3371201511335,4.405677665644503,5139,1191
10,4,21260416,0.8461274494556784,70.92022070910555,4.491672553856383,5144,1241
10,5,21260417,0.8565522215697804,119.1026026724138,7.007059949456808,5109,1160
10,6,21260418,0.8537624616564409,137.63304680306905,7.967992772333209,5216,1173
10,7,21260419,0.8439290774464674,102.2561612295082,6.11905300750857,4997,1220
10,8,21260420,0.8425826616866482,124.1849277118644,7.258069769619264,5087,1180
10,9,21260421,0.8518286059143008,88.17323285834031,5.394245284252282,4971,1193
10,10,21260422,0.846679408307212,56.5127704237288,3.743009499925749,5104,1180
10,11,21260423,0.8447644483024677,210.86335481099655,11.767420676059166,5184,1164
10,12,21260424,0.8475832505463917,61.3464170338983,3.9952177737817838,5033,1180
10,13,21260425,0.856390444444444,178.25630939881458,10.08289901096058,4950,1181
10,14,21260426,0.8455106470588218,130.3424292144026,7.581041433854816,5100,1222
10,15,21260427,0.8441294393436231,54.33018637532133,3.627092658893151,5119,1167
10,16,21260428,0.849244201614491,185.07316566210045,10.43058660596299,5079,1095
10,17,21260429,0.8378026112759624,75.96095749588137,4.7458822704979955,5055,1214
10,18,21260430,0.8390232607033611,178.68149509466437,10.08850984259074,5232,1162
10,19,21260431,0.8484664695446483,85.80096833751044,5.267693499617958,5073,1197
10,20,21260432,0.851024677356276,78.8228016,4.907259126688462,5114,1125
10,21,21260433,0.8467361976163017,76.97666751484309,4.8071860985073265,5202,1179
10,22,21260434,0.8421623811410457,65.96453287904599,4.230209971794385,5048,1174
10,23,21260435,0.8433814700193424,159.81062221231042,9.111364751558517,5170,1121
10,24,21260436,0.8579384796238207,140.22487274233637,8.106734938244122,5104,1207
10,25,21260437,0.8494407633287442,112.29206472103004,6.646156090655869,5083,1165
10,26,21260438,0.841772305012579,55.42515161009573,3.681791573486928,5167,1149
10,27,21260439,0.8518661446249061,103.95700871751886,6.215037290704641,5172,1193
10,28,21260440,0.848631131150755,137.2937111584327,7.945472554831717,5101,1174
10,29,21260441,0.8510794555424999,133.61981365935918,7.756755793052052,5106,1186
11,0,21360412,0.8449845059288542,997.8740056239016,52.69218357307529,5060,569
11,1,21360413,0.8558284180249295,899.0749862295082,47.56493628105811,5215,610
11,2,21360414,0.8577164314710994,938.3722342237062,49.61018678953026,5173,599
11,3,21360415,0.8419095144097916,991.1139040892193,52.3377370513287,5066,538
11,4,21360416,0.8459238113872063,940.8045715210357,49.7254653399117,5111,618
11,5,21360417,0.8549292556260822,849.9649333907057,45.010359329161474,5199,581
11,6,21360418,0.8473770501248314,1075.1518054673722,56.712902081921946,5207,567
11,7,21360419,0.8456891856060613,838.94134204947,44.428354512898196,5280,566
11,8,21360420,0.8592704904742652,958.5262902877698,50.65967406091458,4934,556
11,9,21360421,0.8469545187793446,893.6005881154499,47.27183737484377,5112,589
11,10,21360422,0.8479141057934501,973.215415993266,51.41272003215361,5161,594
11,11,21360423,0.8377666536432875,891.3139657237937,47.144204538598395,5119,601
11,12,21360424,0.8393735671191546,935.5860070261438,49.44787725412267,5304,612
11,13,21360425,0.8491887470542006,969.7535088183422,51.23391176825528,5092,567
11,14,21360426,0.8457750681729644,857.5456494932432,45.39586008841296,5134,592
11,15,21360427,0.8456737554835014,866.8489838709677,45.87953722899964,5243,620
11,16,21360428,0.8536796794618136,941.4891035117057,49.76842907809741,5054,598
11,17,21360429,0.8487301295687496,930.8307491883116,49.20949258088252,5171,616
11,18,21360430,0.8480747183237785,884.2036185059422,46.784259144716586,5059,589
11,19,21360431,0.8492283100531213,888.9565920711974,47.03250968225273,5083,618
11,20,21360432,0.851887322297955,910.3140089376054,48.14562142093854,5135,593
11,21,21360433,0.8462897883183096,931.4467681742043,49.23920724396101,5102,597
11,22,21360434,0.8360441025641019,844.7015679595278,44.71872343133134,5265,593
11,23,21360435,0.8486774675580038,962.445407640068,50.85340479146363,5086,589
11,24,21360436,0.8403219430814505,943.5345617900172,49.86210305900827,5095,581
11,25,21360437,0.8465679828827074,913.7625626865672,48.319892843440066,5141,603
11,26,21360438,0.8469222024866784,846.2039773333333,44.80718291369568,5067,600
11,27,21360439,0.8545800078094469,891.3713831325301,47.163162930310534,5122,581
11,28,21360440,0.8514983087091726,852.2210355799373,45.12441724343045,5144,638
11,29,21360441,0.8439649233189148,915.5051363327674,48.408033766456875,5086,589
