n0,W_mean,W_ci95_low,W_ci95_high,T0_mean,T0_ci95_low,T0_ci95_high,T1_mean,T1_ci95_low,T1_ci95_high
1,798.7048302800684,791.284219386808,806.1254411733289,840.5367800498144,832.7253209590059,848.3482391406229,3.747869860477046,3.7148015540173818,3.7809381669367106
2,6.883654819566058,6.097194316576605,7.67011532255551,7.039239243514487,6.211354977334219,7.867123509694755,3.7764911197556823,3.740179666104048,3.8128025734073168
3,1.2177989376351812,1.207849218293409,1.2277486569769533,1.076134727588028,1.0665640921479462,1.0857053630281097,3.7590566620491264,3.7284129935643584,3.7897003305338943
4,1.0466017932169165,1.0438453632407247,1.0493582231931082,0.895383306635083,0.8924995889945382,0.8982670242756279,3.768993306030533,3.741757596600623,3.796229015460443
5,1.0129292807257868,1.0098894403861858,1.0159691210653878,0.8586347005890985,0.8559236450122065,0.8613457561659905,3.7928137531950625,3.751094604609407,3.834532901780718
6,1.0062407665138158,1.0038487719629792,1.0086327610646524,0.8503775500333037,0.8483913156301132,0.8523637844364943,3.815040268888024,3.77489354842115,3.8551869893548982
7,1.0039313596088533,1.0011269854396836,1.006735733778023,0.8471112157080943,0.8451531391018503,0.8490692923143384,3.830302013195454,3.7940458422773835,3.866558184113525
8,1.0210666367870653,1.0150303707678623,1.0271029028062684,0.8475399211041127,0.8453964189293178,0.8496834232789076,4.151994456503048,4.047532307766712,4.256456605239384
9,1.0927508555098033,1.0743345188878832,1.1111671921317234,0.8467245553229429,0.8445250569316284,0.8489240537142574,5.54543322986553,5.200663859153356,5.890202600577704
10,6.813244760595638,5.938337476042886,7.6881520451483905,0.8478666512185319,0.8460085581756829,0.8497247442613809,115.53406619111603,98.71723455249324,132.3508978297388
11,48.53213958117241,47.52461122446222,49.5396679378826,0.8477580655177742,0.8457568880058086,0.8497592430297398,917.822488825587,898.4481961543866,937.1967814967875
